{
  "sample_size": 50,
  "sample_ids": [
    "ICTU_Q496",
    "ICTU_Q958",
    "ICTU_Q114",
    "ICTU_Q622",
    "ICTU_Q497",
    "ICTU_Q172",
    "ICTU_Q035",
    "ICTU_Q709",
    "ICTU_Q113",
    "ICTU_Q836",
    "ICTU_Q782",
    "ICTU_Q049",
    "ICTU_Q706",
    "ICTU_Q358",
    "ICTU_Q413",
    "ICTU_Q012",
    "ICTU_Q504",
    "ICTU_Q038",
    "ICTU_Q329",
    "ICTU_Q607",
    "ICTU_Q489",
    "ICTU_Q889",
    "ICTU_Q850",
    "ICTU_Q831",
    "ICTU_Q446",
    "ICTU_Q034",
    "ICTU_Q154",
    "ICTU_Q988",
    "ICTU_Q239",
    "ICTU_Q433",
    "ICTU_Q569",
    "ICTU_Q938",
    "ICTU_Q241",
    "ICTU_Q811",
    "ICTU_Q469",
    "ICTU_Q234",
    "ICTU_Q792",
    "ICTU_Q645",
    "ICTU_Q110",
    "ICTU_Q263",
    "ICTU_Q024",
    "ICTU_Q268",
    "ICTU_Q117",
    "ICTU_Q171",
    "ICTU_Q741",
    "ICTU_Q527",
    "ICTU_Q506",
    "ICTU_Q468",
    "ICTU_Q174",
    "ICTU_Q237"
  ],
  "methods": {
    "LLM-only (current model)": {
      "accuracy": 0.06,
      "completeness": 2.06,
      "naturalness": 4.3,
      "latency_ms": 9071.875523999333,
      "accuracy_std": 0.23748684174075835,
      "completeness_std": 0.8811356308764275,
      "naturalness_std": 0.458257569495584,
      "latency_std": 20152.234750761407
    },
    "FAQ TF-IDF": {
      "accuracy": 0.98,
      "completeness": 4.98,
      "naturalness": 4.34,
      "latency_ms": 2.9236399999354035,
      "accuracy_std": 0.14,
      "completeness_std": 0.14,
      "naturalness_std": 0.7644605941446557,
      "latency_std": 0.7659170987777373
    },
    "RAG top_k=3": {
      "accuracy": 0.0,
      "completeness": 1.52,
      "naturalness": 4.0,
      "latency_ms": 3167.8564400003233,
      "accuracy_std": 0.0,
      "completeness_std": 0.49959983987187184,
      "naturalness_std": 0.0,
      "latency_std": 132.1968649516884
    }
  }
}